no,press,news_code,category,date,title,content,img,ref
1,KBS NEWS,5218787,경제,2021-06-25 21:44:02,서울 아파트 매수심리 2주 연속 하락…전세수급지수는 3개월 만에 최고,,/data/news/title_image/newsmp4/news9_gyeongin/2021/06/25/40_5218787.jpg,https://news.kbs.co.kr/news/view.do?ncd=5218787
2,KBS NEWS,5218737,경제,2021-06-25 21:21:55,[단독] 중대재해법 시행령 살펴보니…‘광주 사고’ 적용 못 하고 근골격계 질환 빠지고,"[앵커]최근 광주에서 건물이 무너져내린 사고를 계기로 중대재해처벌법을 강화해야 한다는 목소리가 커졌습니다. 정부의 시행령 입법예고가 임박했는데 KBS 취재 결과 광주 사고처럼 철거 현장이나 도로에서 시민들이 재해를 입은 경우는 법 적용 대상에서 빠진 것으로 확인됐습니다. 시행령에 담길 주요 내용, 김지숙 기자가 단독 취재했습니다. [리포트] 사상자 17명을 낸 광주 붕괴 사고. 내년 1월 중대재해처벌법이 시행되면 이런 현장의 원청 사업주를 처벌할 수 있을까?  핵심은 '중대시민재해'로 인정되는 '공중이용시설'의 범위. 현재 막바지 단계인 정부의 시행령엔 '교량'과 '터널' 등이  포함됐습니다. 그러나 '도로'와 '건설·철거 현장'은 빠진 것으로 확인됐습니다. 광주 사고와 비슷한 시민 사망사고가 발생해도 중대재해법으로 처벌할 수 없다는 뜻입니다.  '중대산업재해'로 인정되는  직업성 질병의 범위도 논란입니다. 포함된 질병은 모두 20여 개, 작업장 화학물질로 인한 급성중독증과 일사병, 열사병 등입니다. 그러나 여기서도 노동계에서 요구하고 있는 근골격계 질환은 빠졌습니다. [정재현/민주노총 노동안전보건부장 : ""(근골격계 질환은) 결국 노동 강도의 문제나 여기에서 발생되는 문제라고 저희들은 보고 있거든요. (시행령에) 포함되면 어떻게든 낮추기 위해서 사업주는 의무를 다해야 할 것이고...""]재계의 관심은 역시 사업주 처벌의 기준이 될 의무사항입니다. 시행령은 근로자 수와 시공능력에 따라 안전·보건 전담 조직을 설치하고 안전 예산을 편성하도록 했습니다. 중대산업재해가 발생했을 때 사업주가 이런 의무를 어겼다면 처벌을 받게 됩니다. 다만, 처벌 대상이 될 수 있는 '경영책임자'의 범위가 명확하지 않다는 재계의 불만도 일고 있습니다.중대재해법 시행령은 고위 당정청 회의와 노사 의견 수렴을 거쳐 다음주쯤 입법 예고될 전망입니다. 여당은 시민재해와 같은 법 적용의 사각지대에 대해선 법 개정을 통해 보완해나가겠다고 밝혔습니다. KBS 뉴스 김지숙입니다. 촬영기자:임동수/영상편집:위강해/그래픽:최민영",/data/news/2021/06/25/20210625_eSYimD.jpg,https://news.kbs.co.kr/news/view.do?ncd=5218737
3,KBS NEWS,5218658,경제,2021-06-25 19:33:34,서울아파트 매수심리 2주연속 하락…전세수급지수는 3개월만에 최고,"[앵커] 서울 아파트 매매와 전세 수요가 서로 엇갈리는 모습입니다. 매수 심리는 하락하는데 전세를 찾는 수요는 석 달 만에 최고치를 넘어섰습니다. 한국부동산원의 조사결과, 변진석 기자가 전해드립니다. [리포트] 서울의 아파트 매수 심리가 2주 연속 하락한 것으로 나타났습니다. 한국부동산원의 주간 아파트 가격 동향을 보면, 이번 주 서울 아파트 매매수급지수는 106.9로 지난주보다 0.4포인트 떨어졌습니다. 이달 첫째 주 107.8까지 올라갔던 매매지수는 지난주에 이어 이번 주까지 2주 연속 감소했습니다. 매매수급지수는 100을 넘어 200에 가까울수록 사겠다는 심리가 강하다는 뜻입니다. 지역별로 보면 서울 서남권 매수심리는 105.2를 보이며 전주보다 1.2포인트 떨어졌고, 강남3구 등이 포함된 동남권은 111.5로 지난주보다 0.6포인트 오른 것으로 나타났습니다. 서울 아파트의 전세수급지수는 석 달 만에 최고치를 기록했습니다. 이번 주 서울 아파트 전세수급지수는 110.4로 지난주보다 0.7포인트 올랐습니다. 전세수급지수는 1에서 200사이의 수치로 표현되는데, 숫자가 높을수록 전세 공급이 부족하다는 뜻입니다. 지난해 11월 130을 넘어서며 사상최고치를 기록했던 전세수급지수는 올 4월 넷째 주 103.3까지 떨어졌지만, 이후 오르는 추세입니다. 노원구 등이 속한 동북권과 반포 재건축 이주수요가 있는 동남권이 가장 높은 상승률을 기록했습니다. 서울과 함께 경기도와 인천도 전세수급지수가 지난주 보다 상승했습니다. KBS 뉴스 변진석입니다. 영상편집:김근환",/data/news/title_image/newsmp4/newsnet/2021/06/25/180_5218658.jpg,https://news.kbs.co.kr/news/view.do?ncd=5218658
4,KBS NEWS,5218643,경제,2021-06-25 19:22:55,코스피 사상 최초로 3300선 돌파…“실적 회복 부각”,"[앵커] 코스피가 오늘 사상 처음으로 3,300선을 돌파했습니다. 거듭된 한미 중앙은행의 금리 인상 예고에도 불구하고, 기업실적 회복에 대한 기대감이  투자심리를 이끄는 양상입니다. 김진호 기자입니다. [리포트] 오늘 코스피는 전날보다 16포인트가량 오르며 3302.84에 장을 마쳤습니다. 코스피가 3,300선을 돌파하며, 다시 한번  역대 최고가를 갈아치운 겁니다. 지난 1월 초 사상 처음으로 3,000을 넘긴데 이어,  3,300선까지 오르는데 반년 정도가 걸렸습니다.  오늘 코스피에선  기관 투자자와 외국인  각각 5,900억 원과 2450억 원가량을  순매수하며  지수 상승을 이끌었습니다. 미국 중앙은행의  조기 금리 인상 관련 불확실성이 완화된 데다, 바이든 미국 대통령이  상원 의원들과 인프라 투자 협상에 합의했다는 소식도 호재로 작용했습니다. 경기 회복감 속에 시중에 자금이 더 풀린다는 신호가 된 것으로 보입니다. 여기에 금융당국이  은행권에 주주 배당을  제한했던 조치가 종료되며, 금융주 대부분이 오른 것도  지수 상승에 힘을 보탰습니다. 최근 증시는  기업 실적에 대한 기대감 등으로 우상향 곡선을 그리는 양상입니다.  물가 인상으로  한국과 미국 중앙은행이 조기 금리 인상 신호 같은  긴축 움직임을 보내왔지만, 백신 접종 확대로  경기 개선과 기업 실적 상승을 예상하는 투자자가 더 많다는 겁니다. [황세운/자본시장연구원 연구위원 : ""양자 간의 줄다리기가 이뤄지는 상황이라고 봐야할 것 같고요. 경기회복에 따른 기업실적 개선 효과가 더 뚜렷하게 진행될 가능성이 크다고 예상해볼 수가 있죠.""] 반면, 코스닥은 0.49포인트 하락해 1,012.13에 마감했습니다. 원/달러 환율은 7원 넘게 떨어지며, 1,130원 선 밑으로 내려갔습니다. KBS 뉴스 김진호입니다. 촬영기자:문아미/영상편집:김선영/그래픽:김정현",/data/news/2021/06/25/20210625_NHa5i8.jpg,https://news.kbs.co.kr/news/view.do?ncd=5218643
5,KBS NEWS,5218618,경제,2021-06-25 18:00:22,“낮에는 저렴·밤엔 비싸진다”…‘제주 맞춤형’ 계시별 요금제 개편,"오는 9월부터 제주지역에서 전기요금 계산에 적용되는 최대부하 시간대가 변경돼 낮에는 전기요금이 저렴해지고, 저녁~밤 시간대에는 비싸집니다.  주택용은 9월에 처음 시행되는 ‘계시별 요금제’ 선택 가구에 한해 적용됩니다. 산업통상자원부와 한국전력공사는 오늘(25일) 이런 내용을 담은 ‘제주지역 계절별·시간별 요금제 시간대 개편안’을 확정했다고 밝혔습니다.  계시별 요금제는 하루 중 전력수요가 높은 시간대에는 높은 요금단가를, 전력수요가 낮은 시간대에는 낮은 요금단가를 적용해 사용자 스스로 적은 비용으로 전력을 사용하도록 유도하는 요금제입니다.  기존에는 산업용·일반용에만 이 제도를 운용하고 주택용엔 누진제만 적용했으나, 소비자 선택권을 확대한다는 취지에서 제주에서부터 주택용에도 도입하기로 했습니다.  변경된 계시별 선택요금제를 보면, 계절을 봄·가을, 여름, 겨울 등 3개로 구분하고, 시간대를 최대부하, 중간부하, 경부하 3개로 나누는 것은 그대로입니다.  다만, 요금이 비싼 최대부하 시간대는 기존 주간에서 저녁 시간대(오후 4시~밤 10시)로 변경됐고, 요금이 낮은 경부하 시간대는 기존과 유사한 밤 10시~오전 8시로 정해졌습니다. 중간부하 시간대는 오전 8시부터 오후 4시까지입니다.  시간대 변경에 따라 주택용 계시별 선택요금제의 전력량요금 단가는 최대부하(수요시간), 경부하(기타시간)는 유지하고 중간부하는 단가를 추가했습니다.  여름철의 경우, 경부하 시간대의 단가는 107.0원, 중간부하 시간대는 153.0원, 최대부하 시간대는 188.8원입니다.  산업부는 시간대 변경에 대해 “제주지역에 태양광 보급이 늘어나면서 태양광 발전량이 많은 낮 시간대는 전력수요의 상당 부분을 태양광 발전이 부담한다”며 “전력 패턴이 육지와는 현저히 다른 형태로 변화됐다”고 설명했습니다.  그러면서 “발전량이 충분한 낮 시간대로의 수요이전 유인으로 전력설비 운영의 효율성을 제고하고 전기사용자의 요금선택권을 확대할 것으로 기대된다”고 말했습니다. 당초 7월부터 시행하려던 제주지역의 주택용 계절별·시간대별(계시별) 선택 요금제는 제주지역 특성을 반영한 요금제를 새로 만들기로 하면서 도입 시기가 9월로 미뤄졌습니다.",/data/news/2021/06/25/20210625_BRzR1g.jpg,https://news.kbs.co.kr/news/view.do?ncd=5218618
6,KBS NEWS,5218611,경제,2021-06-25 17:25:56,"코스피 3,302.84 코스닥 1,012.13",,/data/news/title_image/newsmp4/news5/2021/06/25/180_5218611.jpg,https://news.kbs.co.kr/news/view.do?ncd=5218611
7,KBS NEWS,5218608,경제,2021-06-25 17:22:58,"네이버 “최인혁 COO, ‘직원 사망 사건’ 도의적 책임지고 사의”","지난달 업무 스트레스를 호소하며 네이버 직원이 사망한 사건과 관련해 최인혁 COO가 이번 사건에 대한 도의적 책임을 지고 해당 직무에 대한 사의를 이사회에 표했습니다. 네이버는 오늘(25일) 직원 사망 사건과 관련한 자체 조사 결과와 관련해 이같이 밝혔습니다.  그러면서 리스크관리위원회 조사 결과, “일부 임원의 직장 내 괴롭힘 행위가 있었고, 건전한 조직문화 조성에 대한 리더의 책임을 다하지 못한 부분이 확인됐다”며 “대상자들에게는 확인된 객관적 사실에 근거해 각각의 징계 결정이 내려졌다”고 밝혔습니다.  또 최인혁 COO는 리스크관리위원회의 결정과는 별개로, 이번 사건에 대한 도의적 책임을 지고 해당 직무에 대한 사의를 이사회에 표했고, 이사회는 이를 수용할 것이라고 전했습니다. 다른 법인인 네이버파이낸셜 대표직은 유지합니다.  한편, 한성숙 대표이사는 직원 대상의 메일을 통해, “구성원들에게 깊은 사과를 전하며 이번 일을 계기로 회사 전체 문화를 다시 들여다보고 점검하면서 네이버가 생각하는 리더십과 건강한 문화는 어떤 것일지 등을 고민하고 세워나가는 노력을 CEO의 최우선 과제로 삼겠다”고 말하면서 재발방지를 위한 대책도 본격적으로 마련하고 바꿔 나가겠다고 약속했다고 네이버 측은 밝혔습니다.[사진 출처 : 연합뉴스]",/data/news/2021/06/25/20210625_Hw2uNW.jpg,https://news.kbs.co.kr/news/view.do?ncd=5218608
8,KBS NEWS,5218593,경제,2021-06-25 17:10:16,서울아파트 매수심리 2주연속 하락…전세수급지수는 3개월만에 최고,,/data/news/title_image/newsmp4/news5/2021/06/25/80_5218593.jpg,https://news.kbs.co.kr/news/view.do?ncd=5218593
9,KBS NEWS,5218592,경제,2021-06-25 17:09:55,"노동계, 내년 최저임금 ‘시간당 만 8백 원’ 제시",,/data/news/title_image/newsmp4/news5/2021/06/25/70_5218592.jpg,https://news.kbs.co.kr/news/view.do?ncd=5218592
10,KBS NEWS,5218589,경제,2021-06-25 17:05:15,산업부 “지식산업센터 투기 의심 업체 단속·제도 개선안 마련 계획”,"KBS가 어제 보도한 지식산업센터를 둘러싼 투기 의혹과 관련해 산업통상자원부가 부적격 업체를 단속하고 불법 행위를 관리하겠다고 밝혔습니다.  산업부는 오늘(25일) 보도자료를 내고 “국세청의 사업자 현황 자료를 제공받아 부적격 업체를 단속하고 허위·과장 광고 신고를 받고 있다”고 밝혔습니다.  또, 산업단지 내 공익 신고센터를 구축해 불법 행위를 관리하고, 추가로 제도개선 방안을 마련할 계획이라고 설명했습니다.  이와 관련해 국회에서는 지식산업센터 사용 승인 뒤 1년간 분양권 전매 등을 금지하고 이를 어길 경우 1년 이하 징역과 천만 원 이하 벌금 부과를 규정한 ‘산업직접법’ 개정안이 발의돼 있고, 상임위에 상정될 예정입니다. 앞서 KBS는 어제(24일) 뉴스9를 통해 중소기업을 지원하기 위해 마련된 지식산업센터가 실제 입주 기업인들보다는 거짓으로 분양받아 웃돈을 챙기려는 사람들이 몰려 사실상 투기판으로 변질되고 있다고 보도했습니다.",/data/news/2021/06/25/20210625_PKYnwM.jpg,https://news.kbs.co.kr/news/view.do?ncd=5218589
11,KBS NEWS,5218581,경제,2021-06-25 16:58:22,"아시아나항공, 인수·합병 기대감에 힘입어 천 백억 원 회사채 발행 성공","아시아나항공이 천백억 원 규모의 회사채를 발행한다고 오늘(25일) 밝혔습니다. 아시아나항공이 천억 원 이상의 사채를 발행한 것은 2015년 이후 처음으로 1년 만기 570억 원, 1년 6개월 만기 230억 원, 2년 만기 300억 원 총 3개로 분할돼 발행하게 됩니다. 아시아나항공은 애초 코로나19 장기화로 인한 항공업계 불황 때문에 신용을 담보로 한 사모사채 발행에 어려움을 겪을 것으로 예상됐습니다. 하지만 화물 실적 호조와 대한항공과의 인수·합병 기대감을 바탕으로 시장 수요가 몰리면서 회사채 발행에 성공한 것으로 보입니다. 아시아나항공은 코로나19 여파로 국내외 영업환경 악화와 매출 감소에 대응하기 위해 임직원 무급휴직, 급여 반납 등으로 비용을 절감하는 한편, 경영난을 겪고 있는 자회사 저비용항공사 에어부산에 지난해부터 최근까지 운영 자금 천 백억 원을 지원하기도 했습니다.[사진 출처 : 연합뉴스]",/data/news/2021/06/25/20210625_krpAnL.jpg,https://news.kbs.co.kr/news/view.do?ncd=5218581
12,KBS NEWS,5218578,경제,2021-06-25 16:50:56,“공공기관 경영평가 오류 2건 발견”…10개 기관 등급 변경,"정부가 지난 18일 발표한 2020년도 공공기관 경영평가 결과에서 발견된 계산 오류 등을 수정해 10개 기관의 종합등급이 바뀌었습니다. 기획재정부는 오늘(25일) 제8차 공공기관 운영위원회를 열어 '2020년도 공공기관 경영평가 결과 수정 및 향후 조치계획(안)'을 심의·의결했습니다. 기재부는 준정부기관의 사회적 가치 지표 관련 평가 배점을 적용하는 과정에서 오류가 있었다고 밝혔습니다. 사회적 가치의 세부 지표 중 일자리 창출 등 4개 항목은 기준 배점의 50% 범위에서 해당 기관이 자율적으로 배점을 설정했는데, 평가단이 배점을 차등 적용하지 않고 기준 배점을 일괄 적용한 것입니다.  또, 기재부는 코로나19 영향을 받는 주요사업 지표는 보정 작업을 거친 점수를 반영하는데, 평가단에서 1개 기관에는 보정 전 원점수를 입력하는 오류도 있었다고 덧붙였습니다.  기재부는 오류 2건을 정정한 뒤 등급을 재산정한 결과 10개 기관의 종합등급이 수정됐다고 밝혔습니다.  구체적으로 보면, B등급(양호) 기관은 3개 감소, C등급(보통) 기관은 5개 증가, D등급(미흡), E등급(아주 미흡)은 각각 1개씩 감소했습니다. 한국기상산업기술원은 종합등급이 D에서 C로 올라 기관장 경고 조치 대상과 경영개선계획 제출 및 내년도 경상경비 삭감 대상에서 제외됐습니다.  한국가스안전공사와 한국산업인력공단도 종합등급이 D에서 C로 오르면서 경영개선계획 제출 및 내년도 경상경비 삭감 대상에서 빠졌습니다. 기관장 해임 건의 기관이었던 한국보육진흥원은 종합등급이 E등급에서 D등급으로 올랐지만, 2년 연속 D등급이라 해임 건의가 유지됐습니다.  한국과학창의재단은 종합등급이 C에서 D로 내려가 경영 개선계획 제출 및 경상경비 삭감 대상에 추가됐습니다.  이 밖에도 13개 기관은 성과급 산정에 영향을 주는 세부 항목인 경영관리와 주요사업 등에서 등급이 수정돼 성과급에 영향을 받게 됐습니다.  기재부는 공공기관 운영에 관한 법률이 시행된 2007년 이후에 2017년과 2018년에도 경영평가 오류가 각각 1건씩 있어 수정한 사실이 확인됐다고 전했습니다. 이번 평가 오류가 사상 처음으로 알려진 것과 달리 과거 사례가 더 있었던 셈입니다.  기재부는 이번 오류가 평가단 내부의 상호 검증시스템이 제대로 작동하지 못해 생겼다며, 오류에 책임이 있는 준정부기관 평가단장 등을 해촉하기로 했다고 밝혔습니다. 또, 평가 점수의 집계와 산정 과정 등에서의 기술적 검증 등을 하는 평가검증단을 평가단 안에 신설하겠다고 덧붙였습니다.  아울러 평가지표를 단순화하는 등 현행 평가체계를 전면 개편하기로 했습니다.  기재부는 경영평가 제도개선 TF를 구성해 평가제도 개편작업에 착수하고, 8월 말까지 근본적인 평가제도 개선방안을 마련해 발표할 예정입니다.",/data/news/2021/06/25/20210625_ZEal0i.jpg,https://news.kbs.co.kr/news/view.do?ncd=5218578
13,KBS NEWS,5218558,경제,2021-06-25 15:48:31,"코스피 종가기준 사상 첫 3,300선 돌파","코스피가 사상 처음으로 종가 기준 3300선을 돌파했습니다. 오늘(25일) 코스피 지수는 전거래일 대비 16.74포인트(0.51%) 오른 3302.84에 마감했습니다. 전날 기록한 종가 기준 역대 최고치인 3286.10을 넘어 이틀 연속 사상 최고치 기록을 쓴 겁니다. 장중엔 3316.08까지 치솟아 장중 역대 최고치도 달성했습니다.  이날 코스피에서는 기관과 외국인이 각각 5887억 원 어치와 2495억 원 어치의 주식을 순매수했지만, 개인투자자들이 8197억 원 어치를 순매도했습니다.  코스닥은 전 거래일 대비 0.05%(0.49포인트) 내린 1012.13으로 장을 마쳤습니다.  달러/원 환율은 7.2원 내린 1127.7원으로 마감했습니다.",/data/news/2021/06/25/20210625_fCCTSt.jpg,https://news.kbs.co.kr/news/view.do?ncd=5218558
14,KBS NEWS,5218554,경제,2021-06-25 15:36:04,작년 대부업 이용자 18.6만 명 감소…평균 대출금리 16.3%로 내려,"지난해 대부업체를 이용한 사람이 18만 6천여 명 감소한 것으로 나타났습니다. 신규대출 중단과 영업 축소 영향에 따른 것이란 분석입니다. 잇단 법정 최고금리 인하에 평균 대출금리는 16%대까지 떨어졌습니다.  25일 금융감독원이 발표한 '2020년 하반기 대부업 실태조사 결과'에 따르면 작년 12월 말 기준 대부업 대출 잔액은 14조 5천363억 원으로, 6개월 전보다 5천68억 원(3.4%) 줄었습니다.대형 대부업자(자산 100억 원 이상) 대출 잔액이 11조 4천163억 원으로 6천943억 원(5.7%) 감소했습니다.  대부 이용자 수는 138만 9천 명으로 같은 기간 18만 6천 명(11.8%) 줄었습니다.  이는 산와머니와 조이크레디트대부 등 일본계 대형 대부업자들의 신규대출 중단, P2P연계대부업자의 폐업 등이 배경입니다.  금감원은 대부업체 이용자 중 일부는 정책 서민금융상품이나 대부업 계열 저축은행으로 이동한 것으로 추정했습니다. 급전 신용대출이 줄고 담보대출 비중이 늘어났습니다. 이에 따라 대부 이용자 1인당 대출 잔액은 1천47만 원으로 늘어났습니다.  작년 12월 말 현재 평균 대출금리는 16.3%로 집계됐습니다. 법정 최고금리 인하 등의 영향으로 작년 6월 말(17.0%) 대비 0.7%포인트 하락한 겁니다.  금감원은 ""다음 달 7일 법정 최고금리 추가 인하(연 24%→20%)와 대형 대부업자의 영업 축소·중단 등이 저신용자 신용 공급에 미치는 영향을 면밀히 모니터링 하겠다""고 밝혔습니다.[사진 출처 : 게티이미지]",/data/news/2021/06/25/20210625_a0rw6N.jpg,https://news.kbs.co.kr/news/view.do?ncd=5218554
15,KBS NEWS,5218552,경제,2021-06-25 15:31:07,"KOSPI 3,330.53 KOSDAQ 1,016.20",,/data/news/title_image/newsmp4/news_today/2021/06/25/100_5218552.jpeg,https://news.kbs.co.kr/news/view.do?ncd=5218552
16,KBS NEWS,5218547,경제,2021-06-25 15:31:07,CLASH OVER NEXT YEAR'S MINIMUM WAGE,"[Anchor Lead]With only four days left to deliberate on the minimum wage for next year, the labor sector has proposed yesterday the rate of 10,800 won per hour. The employers citing sluggish business amidst the pandemic opposed the demand. It appears more time will be needed for the both sides to agree on the minimum wage.[Pkg]Two major labor unions in Korea made their first proposal for next year’s minimum wage. They demanded 10,800 won per hour or around 2.25 million won per month, up 23.9% from this year’s rate. The trade unions claimed that the minimum wage must be raised to overcome the polarization worsened by the pandemic. [Soundbite] Jeong Moon-ju(Chief, Policy Bureau, Federation of Korean Trade Unions) : ""Economic inequality worsened since the COVID-19 outbreak. The earned income of the low income class has fallen the most by more than double digits.""Employers in the Minimum Wage Commission said the demand came as a big shock. Small business owners hit hardest by the pandemic cannot afford such a big increase.[Soundbite] Ryu Gi-jeong(Exec. Dir., Korea Enterprises Federation) : ""They claim that business is picking up, but that is confined to only a few industries. For those who have to pay minimum wage, everyday is a struggle."" Employer members of the Commission will also make their own demand shortly, but their minimum wage is expected to remain about the same as the current rate. A survey on small business owners found that 92% of the respondents said the minimum wage should be frozen or lowered. The minimum wage for next year should be decided in four days by June 29th. But so far the only thing that has been decided is that the minimum wage should be an hourly rate and must also be converted to a monthly pay. In yesterday’s discussion, the two opposing sides failed to agree on setting different minimum wages according to sectors. The employers called for varied rates by industry, while the laborers argued for one rate across the board. As the two sides also remain wide apart over the issue of a higher minimum wage, this year’s deliberation is likely to run past the deadline.",/data/news/title_image/newsmp4/news_today/2021/06/25/50_5218547.jpeg,https://news.kbs.co.kr/news/view.do?ncd=5218547
17,KBS NEWS,5218546,경제,2021-06-25 15:31:06,NATION'S KEY RATE TO BE RAISED,"[Anchor Lead]The Bank of Korea has made it official -- the nation's key rate will be raised within this year. Moreover, the rate could be raised several times.[Pkg]Bank of Korea Governor Lee Ju-yeol mentioned the possibility of a key rate increase at a Monetary Policy Board meeting in May and in his speech marking the central bank's founding early this month. On Thursday, the BOK chief gave a more detailed answer on exactly when the key rate will be raised. [Soundbite] Lee Ju-yeol(Governor, Bank of Korea) : ""I said clearly before that monetary policies would be normalized in an orderly manner within this year.""For the first time Lee specified the time of the pending increase: this year. He delivered a powerful message to the market that the key rate will be raised for sure in 2021. The central banker emphasized, the current rate was adjusted unprecedentedly due to the pandemic and normalizing it in line with the economic recovery is a given. He also mentioned financial imbalance. Lee stressed that the need to adjust monetary policies grows by the day due to the flood of liquidity in the asset market and the snowballing household debt. The BOK chief hinted at the possibility of raising the key rate not once, but multiple times. [Soundbite] Lee Ju-yeol(Governor, Bank of Korea) : ""Even if the key rate is raised once or twice, the monetary policy will remain accommodative.""Market analysts predict the key rate could be raised later this year and early 2022.",/data/news/title_image/newsmp4/news_today/2021/06/25/40_5218546.jpeg,https://news.kbs.co.kr/news/view.do?ncd=5218546
18,KBS NEWS,5218527,경제,2021-06-25 14:52:20,"고용부, 게임업체 크래프톤 ‘직장 내 괴롭힘’ 조사","다음달 코스피 상장을 앞둔 게임업체 ‘크래프톤’에서 직장 내 괴롭힘 진정이 접수돼 고용노동부가 조사를 벌이고 있습니다.  오늘(25일) 고용부에 따르면, 크래프톤 일부 직원들이 직장 내 괴롭힘을 당했다며 서울동부고용노동지청에 진정서를 냈습니다.  이 직원들은 자신들이 소속된 소규모 그룹의 책임자들로부터 야근을 강요받는 등의 괴롭힘을 당했다고 주장한 것으로 알려졌습니다.  고용부 측은 “이제 막 조사를 시작하는 단계여서 향후 조사 방향 등에 대해선 아직 정해진 것이 없는 상황”이라고 밝혔습니다.[사진 출처 : 연합뉴스·게티이미지뱅크]",/data/news/2021/06/25/20210625_rslRda.jpg,https://news.kbs.co.kr/news/view.do?ncd=5218527
19,KBS NEWS,5218516,경제,2021-06-25 14:27:58,골드라인 혼잡도 해결 가능할까?…“GTX-D 발표에 쏠리는 눈”,"김포 시민들이 출퇴근 시 유일하게 이용하는 철도, '김포골드라인'입니다. 혼잡률 최대 285%에 달하는 '2량'짜리 열차의 열악한 현실은 그간 언론 보도를 통해 숱하게 소개됐습니다.김포골드라인은 만들어질 때부터 '2량'에 맞춰 승강장까지 설치됐습니다. 열차를 3량 또는 4량으로 늘릴 수도 없는 구조입니다. 그렇다고 열차 증편도 쉽지 않습니다. 그러다 보니 단기 대책으로 배차 간격을 줄이고 운행 횟수를 늘리는 안이 제시됐습니다.■ 종점까지 가지 않고 '구래'에서 회차…""단기대책 시행""먼저, 출근시간대 열차를 종점 '양촌'까지 보내지 않고 바로 이전 역인 '구래 '에서 회차시키는 안입니다. 그렇게 하면 더 많은 열차를 회전시킬 수 있다는 건데요. 여기에 예비차량 1편성도 추가 투입됐습니다. 이달 14일부터 시행 중인데, 열차 5편성(10량)이 추가 투입되는 2024년 말까지 계속 적용한다고 합니다.김포골드라인 노선도■ 국토부, 오늘 '김포골드라인' 컨설팅 진행국토교통부 철도안전감독관들도 오늘 김포골드라인을 찾았습니다. 철도기관 5곳에 대해 안전 문제를 컨설팅해 주는 건데, 서울역이나 다른 기관이 아닌 김포로 회의장소를 잡은 건 최근 혼잡율 이슈 등이 제기된 골드라인의 상징성을 감안한 것으로 보입니다.이 자리에서 김포골드라인이 질의한 안건이 몇 가지 있었는데, 그중 하나가 눈에 띕니다.   ""출퇴근시간대 혼잡율 완화를 위한 운행 횟수 조정 질의""  국토부 관계자는 오늘 자리에 대해 ""골드라인에서 질의하고 여기에 조언을 해주는 차원이지 감독을 하는 건 아니""라고 밝혔습니다. 앞서 소개된 구래역 회차 안을 시행하려면, 국토부에서 '안전관리체계'를 변경해야 하는데, 이미 사전 컨설팅을 통해  체계 변경은 끝났고 오늘은 이에 대한 전문가 조언이 있다는 겁니다.감독관들은 운행 횟수를 늘리는 것과 관련해 '관제사'와 '열차안전원'의 인력 충원 문제를 논의한 것으로 전해졌습니다.그런데 중요한 건 실제 열차를 이용하는 김포시민이 얼마나 체감하느냐겠죠. 단기 대책 시행 이후 약 2주가 지났는데 이용객들은 체감상 나아진게 별로 없다는 반응입니다. 특히 퇴근 시간대 혼잡률이 딱히 개선된 게 없다는 지적도 나옵니다. 근본 해결을 위해서는 'GTX-D 하남 직결'과 '5호선 김포 연장'이 이뤄져야 한다고 주장합니다.■ 'GTX-D' 아닌 '서부권 광역급행철도'?그런데, 최근 국토부 홈페이지에 올라온 한 자료 때문에 김포 여론이 다시 들끓고 있습니다. '국가기간교통망계획(2021-2040) 전략환경영향평가서'라는 문서입니다.국가기간교통망계획(2021-2040) 전략환경영향평가서/ 출처:국토교통부 홈페이지자료를 보면, GTX-A·B·C 노선과 함께 '김포-부천( 서부권광역급행철도)'라는 대목이 나옵니다. GTX-D라는 표현은 없고 노선도 '김포-부천'으로 명시됐습니다. '김부선'에서 바뀐 게 하나도 없는거 아니냐는 목소리가 나왔습니다.여기에 홍남기 경제부총리 발언도 주목을 받았습니다. 국회 기획재정위원회 전체회의에서 “김포~부천 구간이 다른 노선과 연계가 잘 되도록 하는 방안도 포함해 추가적으로 검토하겠다”고 밝힌겁니다.때문에 김포시민들이 요구해온 하남 또는 강남 직결이 아닌, 앞서 제시된 것처럼 일부 열차를 서울 용산 또는 여의도와 연결하는거 아니냐는 조심스런 전망도 나왔습니다.■ 김포시민 ""GTX-D 하남 직결해야""…늦어도 다음 주 발표할듯김포시민들은 다른 신도시들과 달리 김포에만 서울 직결 노선이 하나도 없다고 강하게 주장하고 있습니다. 국토부에서 과거 보도자료를 통해 GTX라는 명칭을 사용해왔는데 왜 이제 와서 모른 체 하느냐는 여론도 있습니다. 추가적인 집회도 준비하고 있습니다.국토부는 이달 말까지 '제4차 국가철도망 구축계획'을 확정 짓고 발표하기로 했습니다. 며칠 남지 않은건데, 늦어도 다음 주 안에 발표가 이뤄질 전망입니다. 이제 김포 시민들의 눈은 GTX-D 노선 결과 발표로 향하고 있습니다.",/data/fckeditor/new/image/2021/06/25/kn101741624597346503.jpg,https://news.kbs.co.kr/news/view.do?ncd=5218516
20,KBS NEWS,5218500,경제,2021-06-25 14:13:39,"노동계, 내년 최저임금 10,800원 요구",,/data/news/title_image/newsmp4/news2/2021/06/25/70_5218500.jpg,https://news.kbs.co.kr/news/view.do?ncd=5218500
21,KBS NEWS,5218479,경제,2021-06-25 12:56:13,"코스피 3,308.19 코스닥 1,017.64",,/data/news/title_image/newsmp4/news12/2021/06/25/300_5218479.jpg,https://news.kbs.co.kr/news/view.do?ncd=5218479
22,KBS NEWS,5218478,경제,2021-06-25 12:52:45,정책자금으로 투기판…지식산업센터에 무슨 일?,"[앵커] 수천억 원의 나랏돈이 들어간 지식산업센터가 부동산 투기장으로 변질되고 있습니다. 중소기업 지원이라는 취지와 맞지 않게 웃돈을 노린 분양권까지 거래되고 있고 센터 입주가 필요한 실수요 기업들만 피해를 보고 있습니다. 고아름 기자가 취재했습니다. [리포트] 한 지식산업센터 분양 홍보관입니다. 은행 대출받기 힘든 요즘, 분양가의 80%까지 빌릴 수 있다며 투자를 부추깁니다. [지식산업센터 분양 직원/음성변조 : ""지금은 규제가 생겼잖아요. 살짝 피해 가는 게 좋거든요. (지식산업센터는) 정부에서 1% 금리로  해서 (대출) 지원을 해주게 돼 있어요. 중소기업을 위한 육성자금이라고 해서...""] 이 직원의 말대로 중소기업을 운영해야  입주할 수 있는 지식산업센터. 하지만  사업을 하지 않아도 아무 문제 없다는 설명이 이어집니다. [지식산업센터 분양 직원/음성변조 : ""세무서 가서 IT 쪽 업체로 신청하려고 한다. 내년에 할 것이라고  하면 사업자를 내줍니다. (안 나오면 어떻게 돼요?) 100% 다 나와요. 저희 아내도 나왔고.""] 지식산업센터를 분양받으면 정책자금을 통해 대출 지원을 받고  재산세와 취득세 등  각종 세금도 감면됩니다. 기업 활동을 지원하자는 취지에서입니다. 하지만 부동산 카페 등에서는 투자 상품으로 추천되고 있고 분양만 받아 오면 입주기업을 소개시켜주겠다는  사무소까지 등장했습니다. [지식산업센터 수분양자 : ""700만 원을 투자해서 한 달에 70만 원  이상의 수익을 얻을 수 있다고 했어요. 입주의향서를 가지고 와서  임대가 다 맞춰져 있다(고 하면서).""] 게다가 전매 제한조차 없어, 분양권 거래마저  손쉽게 이뤄지고 있습니다. [공인중개사/음성변조 : ""임대를 찾으시는 거예요, 전매 물건을  찾으시는 거예요? 대표님이 오늘도 전매 하나 하시고 지금 세무서 가셔서.""] 사실상 투기판이 된 것입니다. 지식산업센터 승인 건수는 2017년 76건에서  지난해 140건으로  3년 만에 배 가까이 늘었습니다. 그 사이 분양가와 임대료만  계속 오르고 있습니다. 입주할 곳을 찾고 있는 기업들은 곤란할 수밖에 없습니다. [중소기업 대표 : ""문정동이 (지식산업센터) 700~800만 원대  분양가였는데 지금은 2000만 원까지  올라갔으니까. 예전에는  지식산업센터 물건 자체에 사람들이  관심이 없으니까 그 가격에도  안 팔렸거든요.""] 지식산업센터 분양 공고부터 설립 승인까지 자치단체가 책임지고 있지만 어느 나라 이야기냐는 식입니다. [경기 OO시 담당 공무원/음성변조 : ""자격이 안 되는 사람이 (분양을)  받아가지고 한다는 말씀을 하시는 거예요? (분양사무소에서) 그렇게 얘기하고  다닌다는 건 기자한테  처음 들었거든요.""] 전국의 지식산업센터는  모두 천200여 곳. 최근 4년 동안 정부의 대출 지원만 5천억 원 넘게 이뤄졌습니다. KBS 뉴스 고아름입니다. 촬영기자:민창호 조은경/영상편집:양의정/그래픽:김현갑",/data/news/title_image/newsmp4/news12/2021/06/25/290_5218478.jpg,https://news.kbs.co.kr/news/view.do?ncd=5218478
23,KBS NEWS,5218465,경제,2021-06-25 12:30:35,최저임금 첨예한 입장 차…“만 8백 원” vs “큰 충격”,"[앵커] 내년도 최저임금 심의 기한이 나흘 남은 가운데, 노동계가 어제 첫 요구안으로 시급 만 8백 원을 제시했습니다. 여기에 사용자 측은 코로나19로 사정이 어려워졌다며 난색을 표했는데 올해도 심의에 시간이 걸릴 것으로 보입니다. 김지숙 기자가 보도합니다. [리포트] 양대노총이 내년도 최저임금 요구안을 처음 내놨습니다.시급 만 8백 원, 월급으로 따지면 225만 7천 원 가량인데 올해보다 23.9% 높은 금액입니다. 코로나19로 심해진 양극화를 극복하기 위해 올려야 한단 주장입니다. [정문주/한국노총 정책본부장 : ""코로나19가 발생하고 나서 오히려 경제적 불평등이 더 심화됐다 할 수 있겠는데요. 저소득계층의 근로소득이 가장 많이 감소한 거로, 두 자릿수 이상 감소한 것으로 드러나고 있고...""] 최저임금위원회에서 함께 논의하고 있는 사용자 측은 큰 충격이라고 밝혔습니다. 소상공인들이 코로나19 직격탄을 맞은 상황에서 이처럼 큰 폭의 인상은 어렵다는 겁니다. [류기정/한국경영자총협회 전무 : ""경기가 회복되고 있다고는 하지만, 일부 업종의 이야기일 뿐이지 실제 최저임금을 부담해야 하는 이들에게는 하루하루가 한숨의 연속이라고 생각하고 있습니다.""] 사용자 위원들도 논의를 통해 요구안을 밝힐 방침인데, 지금과 비슷한 수준일 거로 전망됩니다.응답자 92%가 최저임금을 동결하거나 내려야 한다고 한 소상공인 단체 조사 결과도 있습니다.  내년도 최저임금은 나흘 뒤인 29일까지 심의를 마쳐야 하지만, 지금까지 정한 건 임금을 시급으로 정하되 월급도 같이 밝히잔 내용 뿐입니다. 어제 논의에서는 임금을 업종별로 따로 적용할지를 두고 노사 입장 차이가 좁혀지지 않았습니다. 사용자 측은 업종별로 따로 적용하자, 근로자 측은 일괄 적용하자고 주장하고 있습니다. 여기에 임금을 올릴지 말지에 대해서도 입장 차가 크다보니 올해도 법정 시한을 넘기게 될 거로 보입니다. KBS 뉴스 김지숙입니다. 촬영기자:김현태/영상편집:김선영/그래픽:김현갑",/data/news/title_image/newsmp4/news12/2021/06/25/180_5218465.jpg,https://news.kbs.co.kr/news/view.do?ncd=5218465
24,KBS NEWS,5218464,경제,2021-06-25 12:29:12,한은 연내 금리 인상 공식화…“1~2회 올려도 긴축 아냐”,"[앵커] 한국은행이 연내 기준금리 인상을 공식화했습니다. 금리 인상이 한 번에 그치지 않을 가능성도 시사했습니다. 보도에 임주영 기자입니다. [리포트] 지난달 금융통화위원회와 이달 초 한국은행 창립기념사를 통해 이주열 한은 총재는 기준 금리 인상 가능성을 언급했습니다. 이 총재는 어제 열린 물가안정목표 설명회에서 언제 금리를 올릴 것인지, 시점까지 구체적으로 제시했습니다.  [이주열/한국은행 총재 : ""금년에 적절한 시점부터 통화정책을  질서 있게 정상화하겠다고 하는  그런 정책 방향을 분명히 밝힌 바  있습니다.""] 이 총재가 '금년'이란 단어를 쓴 건 처음입니다. 올해 안에 기준 금리를 인상하겠다는 뜻을 시장에 더 분명하고 강하게 전달한 겁니다. 이 총재는 우선 지금의 금리가 코로나19 경제 상황에서  이례적으로 조정한 것이라며 경제 회복세에 맞춰 정상화하는 건 당연하다고 배경을 설명했습니다. 최근 문제가 되고 있는 금융 불균형 문제도 언급했습니다. 최근  자산시장으로 자금 쏠림이 뚜렷해지고 가계부채도 여전히 큰 폭으로 증가하고 있어 통화정책을 조정할 필요성이 날로 커지고 있다고 강조했습니다. 기준금리 인상이 한 번이 아닌 여러 차례 단행될 가능성도 시사했습니다.  [이주열/한국은행 총재 : ""(금리를) 한두 번 올린다고 해도 통화 정책은 여전히 완화적이다 라는 것을 이렇게 표현을 한 겁니다.""] 시장에서는 올해 하반기 기준금리가 한 차례 오른 뒤 내년 초 추가 인상이 뒤따를 것이란 전망이 나오고 있습니다. KBS 뉴스 임주영입니다. 영상편집:고응용/그래픽:김현석",/data/news/title_image/newsmp4/news12/2021/06/25/170_5218464.jpg,https://news.kbs.co.kr/news/view.do?ncd=5218464
25,KBS NEWS,5218463,경제,2021-06-25 12:28:27,서울아파트 매수심리 2주째 하락…전세수급지수는 3개월 만에 최고,"[앵커] 서울 아파트 매매와 전세 수요가 서로 엇갈리는 모습입니다. 매수 심리는 하락하는데 전세를 찾는 수요는 석 달 만에 최고치를 넘어섰습니다. 한국부동산원의 조사결과, 변진석 기자가 전해드립니다. [리포트] 서울의 아파트 매수 심리가 2주 연속 하락한 것으로 나타났습니다. 한국부동산원의 주간 아파트 가격 동향을 보면, 이번 주 서울 아파트 매매수급지수는 106.9로 지난주보다 0.4포인트 떨어졌습니다. 이달 첫째 주 107.8까지 올라갔던 매매지수는 지난주에 이어 이번 주까지 2주 연속 감소했습니다. 매매수급지수는 100을 넘어 200에 가까울수록 사겠다는 심리가 강하다는 뜻입니다. 지역별로 보면 서울 서남권 매수심리는 105.2를 보이며 전주보다 1.2포인트 떨어졌고, 강남3구 등이 포함된 동남권은 111.5로 지난주보다 0.6포인트 오른 것으로 나타났습니다. 서울 아파트의 전세수급지수는 석 달 만에 최고치를 기록했습니다. 이번 주 서울 아파트 전세수급지수는 110.4로 지난주보다 0.7포인트 올랐습니다. 전세수급지수는 1에서 200사이의 수치로 표현되는데, 숫자가 높을수록 전세 공급이 부족하다는 뜻입니다. 지난해 11월 130을 넘어서며 사상최고치를 기록했던 전세수급지수는 올 4월 넷째 주 103.3까지 떨어졌지만, 이후 오르는 추세입니다. 노원구 등이 속한 동북권과 반포 재건축 이주수요가 있는 동남권이 가장 높은 상승률을 기록했습니다. 서울과 함께 경기도와 인천도 전세수급지수가 지난주 보다 상승했습니다. KBS 뉴스 변진석입니다. 영상편집:김근환",/data/news/title_image/newsmp4/news12/2021/06/25/160_5218463.jpg,https://news.kbs.co.kr/news/view.do?ncd=5218463
26,KBS NEWS,5218446,경제,2021-06-25 12:00:27,수출 호조 속 5월 수출물량 9개월 연속↑,"자동차, 반도체 수출 호조가 이어지고 소비심리 개선에 따른 수요가 늘면서 우리 경제 수출물량지수가 9개월 연속 상승한 것으로 나타났습니다. 수입물량지수도 9개월 연속 상승했습니다. 한국은행은 오늘(25일) '5월 무역지수 및 교역조건'(달러 기준)을 발표했습니다. 통계를 보면 5월 수출물량지수(115.78)는 지난해 같은 달보다 22.9% 높아졌습니다. 수출물량지수는 9개월 연속 상승 중이며, 상승률은 2년 7개월 만에 최고치를 기록했습니다. 달러 기준 수출금액지수(122.50)도 지난해 같은 달보다 49.1% 상승했습니다. 수출금액지수 상승률은 11년 4개월 만에 최고치를 기록했고, 7개월 연속 상승 중입니다. 품목으로 보면 수출물량 기준으로는 전기장비(49.3%), 운송장비(112.1%) 등이 1년 전보다 많이 늘었고 수출금액 기준으로는 석탄·석유제품(164.4%), 제1차금속제품(66.5%), 운송장비(117.7%) 등이 급증했습니다.  한국은행 경제통계국 정현우 과장은 ""자동차 완제품과 부품 수출이 호조세를 보이면서 운송장비가 수출물량지수의 상승을 이끌었고, 백신 접종이 늘면서 이동 재개된 국가를 중심으로 석탄·석유제품의 수출이 늘었다""라고 설명했습니다. 지난달 수입물량지수(120.37·2015년 100기준)는 반도체와 컴퓨터 등 전방산업의 수요 증가 영향으로 1년 전보다 9.8% 올라 9개월 연속 상승했습니다. 달러 기준 수입금액지수는 133.39(2015년 100기준)로 1년 전보다 39.2% 올랐습니다. 6개월 연속 상승이며, 상승률은 2010년 5월 이후 11년 만에 최고치입니다. 품목 가운데 수입물량 기준으로는 운송장비가 1년 전보다 39.1% 늘었고, 수입금액 기준으로는 석탄·석유제품이 152.5% 늘었습니다. 정현우 과장은 ""수입물가가 오른 건 국제유가 상승과 원자재 급등세와 관련이 있다""고 밝혔습니다. 수출입금액지수는 해당 시점 달러 기준 수출입금액을 기준시점(2015년) 수출입금액으로 나눈 지표이고, 수출입물량지수는 이렇게 산출된 수출입금액지수를 물가지수로 나눈 지표입니다.[사진 출처 : 연합뉴스·게티이미지]",/data/news/2021/06/25/20210625_uDPkOs.jpg,https://news.kbs.co.kr/news/view.do?ncd=5218446
27,KBS NEWS,5218439,경제,2021-06-25 11:23:29,특수고용직 소득 촘촘히 파악…과세자료 주기 1년→1개월,대리운전·택배 업무를 하는 '특수고용직' 종사자들의 소득 파악 주기가 빨라집니다. 국회 기획재정위원회는 오늘(25일) 전체회의에서 용역제공자의 과세자료 제출주기를 기존 1년에서 1개월로 단축하는 내용의 소득세법·조세특례제한법 개정안을 각각 의결했습니다. 특수고용직 종사자들에 대해 고용보험 등 사회안전망을 강화하기 위해 더 촘촘하게 소득을 파악하겠다는 취지입니다. 과세자료 제출에 협력하는 사업자들에게는 일정액의 세액공제 혜택을 부여하는 인센티브 조항도 신설됐습니다.[사진 출처 : 연합뉴스],/data/news/2021/06/25/20210625_52QPtd.jpg,https://news.kbs.co.kr/news/view.do?ncd=5218439
28,KBS NEWS,5218438,경제,2021-06-25 11:15:56,"홍남기 부총리 “정부 추경 편성·한은 금리인상 검토, 엇박자 아냐”","홍남기 부총리 겸 기획재정부 장관이 ""정부가 여러 가지를 고려해 추가경정예산(추경)안을 편성하고 한국은행은 나름대로 금리 인상 여지를 보이고 있는데 이게 거시정책 간 엇박자라고 생각하지 않는다""고 말했습니다. 홍 부총리는 오늘(25일) 국회 기획재정위원회 전체회의에서 통화정책과 재정정책이 '엇박자'를 보인다는 지적에 대해 이렇게 말하면서 ""재정정책과 통화정책의 역할이 다르다""고 강조했습니다. 그는 ""코로나19로 힘들고 위기 극복을 위해 도움이 필요한 계층에 대해서는 재정정책이 (역할을) 하는 것이지 금리나 통화정책이 하는 것이 아니다""라고 말했습니다. 이어 ""두 정책을 상호보완적으로 해나가려는 노력은 당연히 제고해야 하는데 두 정책이 적절한 역할 분담을 하는 것으로 이해해달라""며 ""과도한 엇박자가 되지 않도록 노력하겠다""고 말했습니다. 이주열 한은 총재가 연내 기준금리 인상을 시사한 것에 대해서는 ""만약 금리가 인상된다면 가계와 기업의 부담이 커질 것으로 생각한다""며 ""가계나 기업이나 정부가 그런 상황을 잘 관찰할 필요가 있지 않나 생각한다""고 말했습니다. 홍 부총리는 ""금리에 대해서는 한은이 독립적으로 결정하므로 제가 말하는 것은 적절치 않다""면서도 ""이주열 한은 총재와는 다음 달 초 G20 회의에 같이 출장을 갈 계획이라 그 전후를 계기로 G20 어젠다를 포함해 협의할 기회가 있을 것""이라고 밝혔습니다.[사진 출처 : 연합뉴스]",/data/news/2021/06/25/20210625_KOlq0h.jpg,https://news.kbs.co.kr/news/view.do?ncd=5218438
29,KBS NEWS,5218430,경제,2021-06-25 11:06:52,홍남기 부총리 “소득·자산 최상위 계층에 지원금 지급 부적절”,"홍남기 부총리 겸 기획재정부 장관이 국회에서 전 국민 재난지원금은 부적절하다고 거듭 밝혔습니다. 홍 부총리는 오늘(25일) 국회 기획재정위원회 전체회의에서 우원식 더불어민주당 의원의 질의에 이같이 답변했습니다. 우 의원이 ""전국민 지원금 논란이 10년전 무상급식 논란과 같다""고 비판하자 홍 부총리는 ""그렇지 않다. 아동 급식비와 전국민 지원금은 같은 차원의 문제가 아니다""라고 부정했습니다. 홍 부총리는 ""경제·재정 등 여러 여건상 소득·자산 최상위 계층에 지원금을 지급하는 것은 부적절하다""면서 ""미국도 소득 9만달러 이상에는 세금 환급을 해주지 않았다""고 답변했습니다. 민주당 박홍근 의원의 질의 때도 ""자산소득이 높은 초고위층에 지원금을 주는 것이 과연 맞느냐""며 ""차라리 그 돈이면 저는 더 어려움을 겪는 소상공인과 자영업자에 더 얹어 주는 것이 합리적이라고 판단한다""고 재차 강조했습니다. '재정의 역할이 부족하다'는 지적에 대해 홍 부총리는 ""정부는 지난해 59년 만에 4차례 추가경정예산(추경)을 편성하는 등 정책·재정·금융 등 분야에서 정부가 할 수 있는 최대한의 역할을 했다""고 반박했습니다. 그는 ""재정을 맡은 입장에서 세금을 효율적으로 쓰려는 노력을 양해해달라""며 ""지난해와 올해에 적자국채를 100조원씩 냈다. 재정을 맡은 사람으로서 우려를 하지 않을 수 없다""고 말했습니다. 홍 부총리는 2차 추경과 관련해 ""국민 지원금, 소상공인을 두텁게 지원하는 피해지원금, 신용카드 캐시백까지 사실상 모든 국민들이 지원받도록 최대한 설계하고 있다""며 ""손실보상법으로 앞으로 적용될 피해보상에 필요한 재원도 추경에 담을 것""이라고 밝혔습니다. 지급 시기를 두고는 ""7월에 추경안을 제출할 것""이라면서 ""국회가 의결한 다음날부터 최대한 빨리 집행할 수 있게 할 것""이라고 말했습니다. 소상공인 지원금을 최대 700만원까지 지급할 것이냐는 질문에 홍 부총리는 ""금액은 현재 검토 중인 단계라 말할 수 없고 지난번보다 두텁게 드릴 필요가 있다고 본다""고 답변했습니다. 그는 ""(소상공인 지원금은) 집합금지·제한업종은 당연히 들어가고 매출 감소가 아주 큰 곳 등 일부 업종은 추가로 포함하려고 생각하고 있다""고 설명했습니다. 추경 규모와 관련해서는 ""세수가 더 들어오는 것을 고려해 결정할 텐데 얼추 지난번 말씀드린 수준(30조원 초반대)이 되지 않을까 싶다""고 말했습니다. 홍 부총리는 ""법인세나 자산시장 관련 세목이 많이 들어올 텐데, 올해 경기회복이 예상보다 빨라 더 들어오는 세목이 있고 지난해 상황이 어려워 올해로 유예한 세금이 추가로 들어오는 게 있다""며 ""금액이 몇조 원 정도지만 상속세 등 갑자기 들어오는 우발세수도 포함돼 있다""고 밝혔습니다.[사진 출처 : 연합뉴스]",/data/news/2021/06/25/20210625_eDk31I.jpg,https://news.kbs.co.kr/news/view.do?ncd=5218430
30,KBS NEWS,5218403,경제,2021-06-25 10:55:22,부산 전포3구역 공공개발 철회 요청…국토부 “예정지구 심사 때 고려”,"2·4주택공급대책의 도심공공주택복합사업 후보지로 선정된 부산 부산진구 전포3구역의 일부 주민들이 국토교통부에 반대 의사를 전달했습니다.  부산 전포3구역 재개발추진위원회는 오늘(25일) 오전 국토부에 주민 전체의 52%가 동의한 공공개발 철회서를 제출했다고 밝혔습니다. 기존 민간재개발 추진 지역 주민 940여 명 가운데 490명이 참여했습니다. 추진위는 ""지난해 11월부터 민간재개발을 통한 구역 지정을 준비해 왔다""며 ""부산진구청장이 애초 민간재개발을 열망하는 구민의 의사를 무시하고, 사전타당성신청을 받았지만 공공복합개발사업 후보지로 신청했다""고 말했습니다. 앞서 지난 18일, 국회 국토교통위원회는 도심 공공주택 복합사업 예정지구로 지정되고 6개월이 지난 뒤 주민 절반이 반대하면 예정지구를 해제하는 내용의 공공주택특별법 개정안을 통과시켰습니다. 노형욱 국토부 장관은 이 자리에서 ""정부가 발표한 곳은 후보지일 뿐, 예비지구로 지정된 것이 아니어서 주민의 권리가 제한되는 것이 없다""고 설명하고 ""주민의 반대가 많고 문제가 있다면 예정지구 지정을 안 하는 쪽으로 검토할 것""이라고 말한 바 있습니다. 국토부 관계자는 ""후보지로 선정된 전포3구역 도심복합사업구역 주민 1155명 가운데 490명의 철회 요청서로 전체 대비 42% 정도""라며 ""추진위원회의 동의서 진위 여부를 파악하고, 향후 예정지구 지정 시 반대 민원 현황도 고려할 예정""이라고 말했습니다.  전포3구역 등은 정부가 도심 공공주택 복합사업 후보지로 발표한 곳으로, 아직 예정지구로 지정되지는 않았습니다.[사진 출처 : 연합뉴스]",/data/news/2021/06/25/20210625_vRa59B.jpg,https://news.kbs.co.kr/news/view.do?ncd=5218403
31,KBS NEWS,5218270,경제,2021-06-25 09:47:55,1분기 해외직접투자 21.6% 감소…도소매 -58.4%·부동산 -55.3%,"기획재정부는 올해 1분기 해외 직접 투자액이 112억 2천만 달러로 1년 전보다 21.6% 감소했다고 오늘(25일) 밝혔습니다. 해외 직접 투자액은 지난해 1~3분기 연속 감소한 뒤 4분기에 증가했지만 1분기 만에 다시 감소했습니다. 업종별로는 금융·보험업(53억 7천만 달러)이 전체 투자액 중 47.9%로 가장 큰 비중을 차지했습니다. 이외 제조업(25.2%), 부동산업(8.6%), 도소매업(4.1%) 등 순이었습니다. 업종별 증감을 보면 도소매업이 작년 동기 대비 58.4% 급감했고, 부동산업(-55.3%)과 제조업(-14.3%)도 큰 폭으로 감소했습니다. 다만 금융·보험업은 일부 대규모 지분 투자가 이뤄지면서 75.4% 급증했습니다. 국가별 투자액은 미국이 42억 1천만 달러(37.5%)로 가장 많았고, 케이만군도(11.3%), 룩셈부르크(8.1%), 중국(7.6%)이 뒤를 이었습니다. 주요 투자국 가운데는 미국(-18.8%)과 베트남(-10.8%), 캐나다(-79.8%), 싱가포르(-49.0%)에 대한 투자 감소세가 두드러졌습니다. 반면 제조업 투자 증가의 영향으로 터키(1천366.4%)와 헝가리(177.0%)에 대한 투자는 대폭 늘었고, 케이만군도(14.7%), 룩셈부르크(32.9%), 중국(15.9%)도 투자액이 늘었습니다. 투자 회수 금액은 금융보험업(16억7천만달러), 부동산업(5억달러), 전기가스업(4억2천만달러) 순으로 많았습니다. 순투자액(총투자액-투자 회수액)은 76억5천만달러로 31.6% 줄었습니다.[사진 출처 : 연합뉴스·게티이미지 / 기획재정부 제공]",/data/news/2021/06/25/20210625_XhZ1OG.jpg,https://news.kbs.co.kr/news/view.do?ncd=5218270
32,KBS NEWS,5218267,경제,2021-06-25 09:47:17,"코스피 3,306.04 코스닥 1,017.77 ",,/data/news/title_image/newsmp4/news930/2021/06/25/100_5218267.jpg,https://news.kbs.co.kr/news/view.do?ncd=5218267
33,KBS NEWS,5218264,경제,2021-06-25 09:46:24,한은 연내 금리 인상 공식화…“1~2회 올려도 긴축 아냐”,"[앵커] 한국은행이 연내 기준금리 인상을 공식화했습니다. 금리 인상이 한 번에 그치지 않을 가능성도 시사했습니다. 보도에 임주영 기자입니다. [리포트] 지난달 금융통화위원회와 이달 초 한국은행 창립기념사를 통해 이주열 한은 총재는 기준 금리 인상 가능성을 언급했습니다. 이 총재는 어제 열린 물가안정목표 설명회에서 언제 금리를 올릴 것인지, 시점까지 구체적으로 제시했습니다.  [이주열/한국은행 총재 : ""금년에 적절한 시점부터 통화정책을  질서 있게 정상화하겠다고 하는  그런 정책 방향을 분명히 밝힌 바  있습니다.""] 이 총재가 '금년'이란 단어를 쓴 건 처음입니다. 올해 안에 기준 금리를 인상하겠다는 뜻을 시장에 더 분명하고 강하게 전달한 겁니다. 이 총재는 우선 지금의 금리가 코로나19 경제 상황에서  이례적으로 조정한 것이라며 경제 회복세에 맞춰 정상화하는 건 당연하다고 배경을 설명했습니다. 최근 문제가 되고 있는 금융 불균형 문제도 언급했습니다. 최근  자산시장으로 자금 쏠림이 뚜렷해지고 가계부채도 여전히 큰 폭으로 증가하고 있어 통화정책을 조정할 필요성이 날로 커지고 있다고 강조했습니다. 기준금리 인상이 한 번이 아닌 여러 차례 단행될 가능성도 시사했습니다.  [이주열/한국은행 총재 : ""(금리를) 한두 번 올린다고 해도 통화 정책은 여전히 완화적이다 라는 것을 이렇게 표현을 한 겁니다.""] 시장에서는 올해 하반기 기준금리가 한 차례 오른 뒤 내년 초 추가 인상이 뒤따를 것이란 전망이 나오고 있습니다. KBS 뉴스 임주영입니다. 영상편집:고응용/그래픽:김현석",/data/news/title_image/newsmp4/news930/2021/06/25/90_5218264.jpg,https://news.kbs.co.kr/news/view.do?ncd=5218264
34,KBS NEWS,5218263,경제,2021-06-25 09:44:02,"“내년 최저임금 10,800원 요구”…격론 예고","노동계가 내년도 최저임금의 최초 요구안으로 시간당 만 8백 원을 제시했습니다.이는 올해 최저임금인 8천720원보다 23.9% 높은 금액으로, 월급으로 환산하면 한 달에 209시간을 일한다고 했을 때 225만 7천2백 원입니다.사용자 위원들은 아직 최초 요구안을 내놓지 않았지만, 동결 수준의 금액 제시가 유력합니다.최저임금위는 오는 29일 다시 전원회의를 열고 최저임금의 업종별 구분 적용 여부를 결정하기로 했는데 이때 최저임금 수준에 대해서도 본격적인 논의가 시작될 것으로 전망됩니다.",/data/news/title_image/newsmp4/news930/2021/06/25/80_5218263.jpg,https://news.kbs.co.kr/news/view.do?ncd=5218263
35,KBS NEWS,5218249,경제,2021-06-25 08:53:26,서울아파트 매수심리 2주 연속 하락…전세수급지수는 3개월 만에 최고,"서울의 아파트 매수 심리가 2주 연속 하락했습니다. 전세수급지수는 3개월 만에 최고치를 기록했습니다. 한국부동산원은 이번 주(21일 조사기준) 서울 아파트 매매수급 지수는 106.9로 지난주 107.3보다 0.4포인트 떨어졌다고 오늘(25일) 밝혔습니다. 매매수급지수는 100을 넘어 200에 가까울수록 수요가 공급보다 많은 상황, 즉 매수심리가 강하다는 뜻입니다. 지난 4월 첫째 주 올해 처음으로 100 아래인 96.1을 기록했다가 한 주 만에 반등해 11주 연속 100을 넘고 있습니다. 그러나 6월 첫째 주 107.8까지 올라갔던 지수는 지난주 107.3, 이번 주 106.9로 계속 감소 추세입니다. 서울 아파트 전세수급지수는 110.4로 3개월 만에 최고치를 경신했습니다. 지난 3월 셋째 주 112.5에서 넷째 주 109.9로 떨어진 이 지수는 4월 넷째 주 103.3까지 내려갔습니다. 그러나 이후 상승세를 타며 이달 들어 108.5→109.7→110.4를 기록했습니다. 전세지수는 지난해 11월 130을 넘어서며 사상 최고치를 보인 뒤 하락세를 보였습니다.[사진 출처 : 게티이미지]",/data/news/2021/06/25/20210625_tKrozQ.jpg,https://news.kbs.co.kr/news/view.do?ncd=5218249
36,KBS NEWS,5218219,경제,2021-06-25 08:21:17,“온라인 동영상 서비스 이용자 30%는 매일 이용”,"소비자원이 온라인 동영상 서비스(OTT) 상위 6개 업체를 대상으로 소비자 조사를 한 결과, '1주일에 3~4일 이상' 이용한다고 응답한 소비자가 75.9%였고, 이 중 매일 이용한다는 응답자는 33.1%로 나타났습니다. 또 주말과 공휴일에 평균 '5시간 이상' 이용한다는 응답자는 24.6%로, 몰아보기를 하는 소비자가 적지 않은 것으로 조사됐습니다. 한국소비자원은 올해 4월, 온라인 설문을 통해 OTT 이용경험자 1,800명으로 대상으로 소비자 만족도와 이용 실태를 실시했습니다. 종합만족도 측면에서 넷플릭스(3.69점)가 가장 높았고, 티빙(3.65점)과 왓챠(3.63점)가 뒤를 이었다고 밝혔습니다. 유플러스모바일tv(3.44점)과 시즌(3.43점), 웨이브(3.43점)는 조사대상 6개 OTT의 종합만족도 평균(3.55점)에 못 미쳐 상대적으로 소비자 만족도가 낮은 것으로 조사됐습니다. OTT 업체의 부문별 만족도를 보면 서비스 제공 과정 전반에 대해 평가하는 '서비스품질 만족도'가 평균 3.60점으로 가장 높았습니다. 소비자가 서비스를 체험하면서 느낀 주관적 감정에 대한 평가인 '서비스체험 만족도'는 평균 3.55점이었고, '서비스상품 만족도'는 평균 3.43점으로 가장 낮았습니다. 특히 서비스상품 만족도를 평가하는 요인 중 '가격 혜택' 점수가 낮았는데, OTT 6개 서비스의 맞춤형 콘텐츠에 대한 가격 대비 만족도는 평균 3.24점에 불과한 것으로 나타났습니다. OTT 서비스 이용 기간의 경우 '1년 이상~2년 미만'이 31.7%로 가장 많았고, '1년 미만'과 '2년 이상~3년 미만'은 각각 28%와 17.1%로 집계됐습니다.OTT 사업자별로 소비자가 주로 이용하는 프로그램에 대해서도 조사했는데, 넷플릭스와 왓챠를 주로 시청하는 소비자는 각각 34.7%, 49.7%가 '영화'를 즐겨본다고 응답했으며, 웨이브는 '지상파방송(51.0%)', 티빙은 '케이블방송(47.7%)', 시즌(30.0%)과 유플러스모바일tv(27.0%)는 '실시간방송'을 주로 이용한다고 응답했습니다.[사진 출처 : 게티이미지]",/data/news/2021/06/25/20210625_iAiI12.jpg,https://news.kbs.co.kr/news/view.do?ncd=5218219
37,KBS NEWS,5218218,경제,2021-06-25 08:21:04,테슬라 모델3등 일부 결함…8개사 2만4천여대 리콜,"국토교통부는 테슬라 등 수입차 75개 차종 2만4천942대에서 제작결함이 발견돼 리콜 한다고 오늘(25일) 밝혔습니다. 대상 업체는 테슬라코리아, 아우디폭스바겐코리아, 볼보자동차코리아, 메르세데스-벤츠코리아, 포드세일즈서비스코리아,포르쉐코리아, 재규어랜드로버코리아, 스즈키ㅡ씨엠씨 등 8개입니다. 아우디폭스바겐코리아에서 수입·판매한 A6 45 TFSI 프리미엄 등 46개 차종 9천759대는 뒤 차축 현가장치 내 부품인 트레일링 암 고정 너트가 약해 차체 안정성이 상실될 가능성이 있어 리콜에 들어갑니다. 볼보자동차코리아에서 수입·판매한 S60 등 7개 차종 7천208대는 연료공급 제어장치 퓨즈의 용량 부족으로 퓨즈가 끊어질 가능성이 있어 리콜이 결정됐습니다. 메르세데스-벤츠코리아에서 수입·판매한 C 200 2천537대는 엔진제어장치(ECU) 소프트웨어 오류로 장시간 공회전 시 발전기 내 부품이 과열돼 화재가 발생할 우려가 있는 것으로 나타났습니다. 테슬라코리아에서 수입·판매한 모델3 516대는 브레이크 캘리퍼 고정장치의 조립 불량으로 캘리퍼가 떨어져 나가고 제동이 제대로 되지 않을 가능성이 확인돼 리콜을 시행합니다. 이번 리콜 대상 차량은 제작·판매사 서비스센터에서 무상 수리받을 수 있습니다.[사진 출처 : AFP=연합뉴스]",/data/news/2021/06/25/20210625_vmwA4w.jpg,https://news.kbs.co.kr/news/view.do?ncd=5218218
38,KBS NEWS,5218206,경제,2021-06-25 08:11:29,"노동계, “내년 최저임금 10,800원” 최초 요구안 제시",,/data/news/title_image/newsmp4/news_8am/2021/06/25/60_5218206.jpg,https://news.kbs.co.kr/news/view.do?ncd=5218206
39,KBS NEWS,5218204,경제,2021-06-25 08:09:51,원자재 가격·물류비 상승에 기업 체감경기 정체,"원자재 가격과 물류비 상승으로 기업들의 체감 경기 개선 추세가 완만해졌습니다. 한국은행이 오늘(25일) 발표한 '2021년 6월 기업경기실사지수(BSI) 조사'를 보면 이달 전체산업의 업황 BSI는 88로, 석 달째 제자리에 머물렀습니다. BSI는 현재 경영상황에 대한 기업가의 판단과 전망을 조사한 통계로, 부정적 응답이 긍정적 응답보다 많으면 지수가 100을 밑돕니다. 이달 조사는 10일부터 17일까지 3천255개 법인기업을 대상으로 진행됐고, 이 가운데 2천807개 기업(제조업 1천640개·비제조업 1천167개)이 설문에 답했습니다. 전 산업 업황 BSI는 3월과 4월 두 달 연속 올랐지만, 5월 이후 제자리걸음을 보이고 있습니다. 김대진 한은 경제통계국 기업통계팀장은 ""지난달 차량용 반도체 수급 문제 개선되면서 제조업의 체감 경기는 개선됐지만, 원자재 가격 상승과 물류난으로 인한 상품 수급 문제 때문에 비제조업의 체감 경기가 악화돼 전체 산업의 체감 경기는 횡보하는 모습을 보였다""고 설명했습니다. 업종별로는 제조업 업황 BSI가 98로 전 달보다 2포인트 올랐고, 서비스업 등 비제조업은 81로 전 달과 동일했습니다. 제조업 세부 업종 중에서는 케이블 수요 증가로 전기장비가 6포인트 뛰었고, 반도체와 전자부품 수요 증가로 전자·영상·통신장비(+3p)도 올랐습니다. 하지만 원자재 가격 상승으로 화학제품의 이익이 축소되면서 화학물질·제품(-5p)의 기업 체감경기는 나빠졌습니다. 제조업 규모별로는 대기업(-3p)은 하락한 반면 중소기업(+8p)은 상승했고, 수출기업(+2p)과 내수기업(+1p) 체감경기는 모두 좋아졌습니다.  비제조업의 경우 광고와 행사대행 수익이 늘면서 전문·과학·기술(+6p)이 호조를 보였지만, 원가 상승과 수급 차질 문제로 도소매업(-7p)은 하락했습니다. 또 분양 및 임대 수입 감소로 부동산업(-6p) 역시 나빠졌습니다.  다음 달(7월) 업황에 대한 전망 BSI지수(90)는 6월 전망 지수(88)보다 2포인트 올랐습니다. 제조업(99)은 2포인트 상승했고 비제조업(82)도 1포인트 상승했습니다. BSI에 소비자동향지수(CSI)까지 반영한 5월 경제심리지수(ESI)는 5월보다 3.9포인트 상승한 109.3을 기록했습니다.  계절적 요인 등을 제거한 ESI 순환변동치(109.3)도 전 달보다 3.3포인트 뛰었습니다.[사진 출처 : 게티이미지]",/data/news/2021/06/25/20210625_OyL2f9.jpg,https://news.kbs.co.kr/news/view.do?ncd=5218204
40,KBS NEWS,5218203,경제,2021-06-25 08:09:50,은행권 배당제한 풀린다…금융위 자본관리 권고 6월말 종료,"코로나19 이후 금융당국이 은행권에 권고했던 배당 제한 조치가 예정대로 이달 말 종료됩니다. 금융위원회는 어제(24일) 정례회의를 열고 은행과 은행지주회사에 대한 자본관리 권고안을 오는 6월 말 예정대로 종료하기로 했다고 밝혔습니다. 금융위는 우리나라와 세계 경제 성장률 전망치가 상향되는 등 실물경제 상황이 개선되고, 국내 은행과 은행지주회사가 자금공급을 늘리면서도 양호한 건전성을 유지하고 있는 점을 종합적으로 고려해 이 같이 결정했다고 밝혔습니다. 금융위는 또, '경제 상황 악화/심각 시나리오'에 따른 스트레스 테스트를 실시한 결과 모든 은행과 은행 지주가 이를 통과했고, 미국·유럽 등 주요국가들이 배당제한을 완화한 점 역시 고려했다고 덧붙였습니다. 금융위는 다만 은행과 은행 지주가 배당 실시 여부 및 수준을 자율적으로 결정하되, 코로나19 관련 불확실성이 완전히 해소되지 않은 상황 등을 충분히 고려하는 것이 필요하다는 의견을 제시했습니다. 금융위는 '충분히 고려'한다는 의미에 대해서는 구체적으로 ""코로나19 확산 이전인 2019년의 배당성향(26.2%)을 참고할 수 있다""고 덧붙였습니다. 이에 따라 은행과 은행 지주는 다음 달 1일부터 관계 법령과 정관에 따라 중간배당 또는 분기 배당 실시 여부 및 수준 등을 자율적으로 결정할 수 있습니다. 다만 해당 은행은 정관에 이를 규정하고 있어야 합니다. 금융위는 ""코로나19 상황이 여전히 지속 되고 있는 점을 고려해 실물경제 개선 추이, 금융시장의 안정성, 은행 등 금융기관의 건전성 등을 지속적으로 모니터링해 필요한 조치를 마련해 나갈 것""이라고 강조했습니다.[사진 출처 : 연합뉴스·게티이미지 / 금융위원회 제공]",/data/news/2021/06/25/20210625_BZxpC1.jpg,https://news.kbs.co.kr/news/view.do?ncd=5218203
41,KBS NEWS,5218200,경제,2021-06-25 08:07:07,"한은, 연내 금리 인상 공식화…“1~2회 올려도 긴축 아냐”","[앵커] 한국은행이 연내 기준금리 인상을 공식화했습니다. 금리 인상이 한 번에 그치지 않을 가능성도 시사했습니다. 보도에 임주영 기자입니다. [리포트] 지난달 금융통화위원회와 이달 초 한국은행 창립기념사를 통해 이주열 한은 총재는 기준 금리 인상 가능성을 언급했습니다. 이 총재는 어제 열린 물가안정목표 설명회에서 언제 금리를 올릴 것인지, 시점까지 구체적으로 제시했습니다.  [이주열/한국은행 총재 : ""금년에 적절한 시점부터 통화정책을 질서 있게 정상화하겠다고 하는 그런 정책 방향을 분명히 밝힌 바 있습니다.""] 이 총재가 '금년'이란 단어를 쓴 건 처음입니다. 올해 안에 기준 금리를 인상하겠다는 뜻을 시장에 더 분명하고 강하게 전달한 겁니다. 이 총재는 우선 지금의 금리가 코로나19 경제 상황에서  이례적으로 조정한 것이라며 경제 회복세에 맞춰 정상화하는 건 당연하다고 배경을 설명했습니다. 최근 문제가 되고 있는 금융 불균형 문제도 언급했습니다. 최근  자산시장으로 자금 쏠림이 뚜렷해지고 가계부채도 여전히 큰 폭으로 증가하고 있어 통화정책을 조정할 필요성이 날로 커지고 있다고 강조했습니다. 기준금리 인상이 한 번이 아닌 여러 차례 단행될 가능성도 시사했습니다.  [이주열/한국은행 총재 : ""(금리를) 한두 번 올린다고 해도 통화 정책은 여전히 완화적이다 라는 것을 이렇게 표현을 한 겁니다.""] 시장에서는 올해 하반기 기준금리가 한 차례 오른 뒤 내년 초 추가 인상이 뒤따를 것이란 전망이 나오고 있습니다. KBS 뉴스 임주영입니다. 영상편집:고응용/그래픽:김현석",/data/news/title_image/newsmp4/news_8am/2021/06/25/51_5218200.jpg,https://news.kbs.co.kr/news/view.do?ncd=5218200
42,KBS NEWS,5218133,경제,2021-06-25 07:40:25,정책자금으로 투기판…지식산업센터에 무슨 일?,"[앵커] 수천억 원의 나랏돈이 들어간 지식산업센터가 부동산 투기장으로 변질되고 있습니다. 중소기업 지원이라는 취지와 맞지 않게 웃돈을 노린 분양권까지 거래되고 있고 센터 입주가 필요한 실수요 기업들만 피해를 보고 있습니다. 고아름 기자가 취재했습니다. [리포트] 한 지식산업센터 분양 홍보관입니다. 은행 대출받기 힘든 요즘, 분양가의 80%까지 빌릴 수 있다며 투자를 부추깁니다. [지식산업센터 분양 직원/음성변조 : ""지금은 규제가 생겼잖아요. 살짝 피해 가는 게 좋거든요. (지식산업센터는) 정부에서 1% 금리로  해서 (대출) 지원을 해주게 돼 있어요. 중소기업을 위한 육성자금이라고 해서...""] 이 직원의 말대로 중소기업을 운영해야  입주할 수 있는 지식산업센터. 하지만  사업을 하지 않아도 아무 문제 없다는 설명이 이어집니다. [지식산업센터 분양 직원/음성변조 : ""세무서 가서 IT 쪽 업체로 신청하려고 한다. 내년에 할 것이라고  하면 사업자를 내줍니다. (안 나오면 어떻게 돼요?) 100% 다 나와요. 저희 아내도 나왔고.""] 지식산업센터를 분양받으면 정책자금을 통해 대출 지원을 받고  재산세와 취득세 등  각종 세금도 감면됩니다. 기업 활동을 지원하자는 취지에서입니다. 하지만 부동산 카페 등에서는 투자 상품으로 추천되고 있고 분양만 받아 오면 입주기업을 소개시켜주겠다는  사무소까지 등장했습니다. [지식산업센터 수분양자 : ""700만 원을 투자해서 한 달에 70만 원  이상의 수익을 얻을 수 있다고 했어요. 입주의향서를 가지고 와서  임대가 다 맞춰져 있다(고 하면서).""] 게다가 전매 제한조차 없어, 분양권 거래마저  손쉽게 이뤄지고 있습니다. [공인중개사/음성변조 : ""임대를 찾으시는 거예요, 전매 물건을  찾으시는 거예요? 대표님이 오늘도 전매 하나 하시고 지금 세무서 가셔서.""] 사실상 투기판이 된 것입니다. 지식산업센터 승인 건수는 2017년 76건에서  지난해 140건으로  3년 만에 배 가까이 늘었습니다. 그 사이 분양가와 임대료만  계속 오르고 있습니다. 입주할 곳을 찾고 있는 기업들은 곤란할 수밖에 없습니다. [중소기업 대표 : ""문정동이 (지식산업센터) 700~800만 원대  분양가였는데 지금은 2000만 원까지  올라갔으니까. 예전에는  지식산업센터 물건 자체에 사람들이  관심이 없으니까 그 가격에도  안 팔렸거든요.""] 지식산업센터 분양 공고부터 설립 승인까지 자치단체가 책임지고 있지만 어느 나라 이야기냐는 식입니다. [경기 OO시 담당 공무원/음성변조 : ""자격이 안 되는 사람이 (분양을)  받아가지고 한다는 말씀을 하시는 거예요? (분양사무소에서) 그렇게 얘기하고  다닌다는 건 기자한테  처음 들었거든요.""] 전국의 지식산업센터는  모두 천200여 곳. 최근 4년 동안 정부의 대출 지원만 5천억 원 넘게 이뤄졌습니다. KBS 뉴스 고아름입니다. 촬영기자:민창호 조은경/영상편집:양의정/그래픽:김현갑",/data/news/title_image/newsmp4/newsplaza/2021/06/25/180_5218133.jpg,https://news.kbs.co.kr/news/view.do?ncd=5218133
43,KBS NEWS,5218111,경제,2021-06-25 07:22:24,"삼성 일감 몰아주기…‘2,349억 원’ 부당지원 최대 과징금","[앵커] 삼성그룹이  사실상 총수 일가의 회사인 급식업체에 일감을 몰아준 혐의로 2천3백억 원대의 과징금을 물게 됐습니다. 부당지원 사건으로는 역대 최대 과징금입니다. 삼성의 전 미래전략실이 조직적으로 개입해, 막대한 이익을 몰아줬다는 게 공정위 조사 결과입니다. 김유대 기자가 보도합니다. [리포트] 삼성그룹 한 계열사의 구내식당, 운영업체는 삼성웰스토리입니다. 이재용 삼성전자 부회장이 최대주주인 삼성물산이 지분 100%를 가진 회사입니다. 단체급식 시장 점유율 1위, 한 해 매출 1조 원이 넘습니다. 영업이익률도 압도적입니다. 다른 상위 11개 급식업체의 평균 영업이익률이 3%대인 반면, 웰스토리는 15%로 5배에 이릅니다. 삼성전자 등 4개 주요 계열사들이 일감을 몰아줬기 때문이라는 게 공정위 판단입니다. [육성권/공정거래위원회 기업집단국장 : ""사실상 이재용 일가의 회사인 웰스토리에게 거래 상대방 선정에 관한 합리적인 고려나 비교 없이 자신들의 사내급식 물량을 100% 몰아주고...""] 공정위는 2012년 당시 삼성그룹 미래전략실이 웰스토리 밀어주기에 깊숙이 개입한 것으로 파악했습니다. 당시 미래전략실 회의자료. 관계사 계약을 변경해 웰스토리의 이익 확보 방안을  강구하라고 지시합니다. 이를 통해 식재료비가 올라도 이윤을 보장하고 인건비의 15%를 추가 지급하는 등 웰스토리에 유리한 조건을 만들었다는 겁니다. [육성권/공정거래위원회 기업집단국장 : ""동종업계 어디에도 없고, 심지어 웰스토리가 거래하는 독립된 제3자와의 거래에서도 없는 파격적인 거래조건입니다.""] 공정위는 삼성전자 등 계열사 4곳과 웰스토리에 2천3백여억 원의 과징금을 부과하고, 최지성 전 미래전략실장과 삼성전자 법인을 검찰에 고발했습니다. 부당 지원 사건 과징금으론 역대 최고액입니다. 삼성전자가 받은 과징금 천12억 원도 국내 단일 기업으론 사상 최대입니다. 삼성전자 측은 임직원 복리후생을 위한 정상 거래가 부당 지원으로 호도된 거라며, 행정소송을 내겠다고 밝혔습니다. KBS 뉴스 김유대입니다.촬영기자:김현태 송상엽/영상편집:박주연/그래픽:최민영",/data/news/title_image/newsmp4/newsplaza/2021/06/25/110_5218111.jpg,https://news.kbs.co.kr/news/view.do?ncd=5218111
44,KBS NEWS,5218108,경제,2021-06-25 07:15:18,"한은, 연내 금리 인상 공식화…“1~2회 올려도 긴축 아냐”","[앵커] 한국은행이 연내 기준금리 인상을 공식화했습니다. 금리 인상이 한 번에 그치지 않을 가능성도 시사했습니다. 보도에 임주영 기자입니다. [리포트] 지난달 금융통화위원회와 이달 초 한국은행 창립기념사를 통해 이주열 한은 총재는 기준 금리 인상 가능성을 언급했습니다. 이 총재는 어제 열린 물가안정목표 설명회에서 언제 금리를 올릴 것인지, 시점까지 구체적으로 제시했습니다.  [이주열/한국은행 총재 : ""금년에 적절한 시점부터 통화정책을 질서 있게 정상화하겠다고 하는 그런 정책 방향을 분명히 밝힌 바 있습니다.""] 이 총재가 '금년'이란 단어를 쓴 건 처음입니다. 올해 안에 기준 금리를 인상하겠다는 뜻을 시장에 더 분명하고 강하게 전달한 겁니다. 이 총재는 우선 지금의 금리가 코로나19 경제 상황에서  이례적으로 조정한 것이라며 경제 회복세에 맞춰 정상화하는 건 당연하다고 배경을 설명했습니다. 최근 문제가 되고 있는 금융 불균형 문제도 언급했습니다. 최근  자산시장으로 자금 쏠림이 뚜렷해지고 가계부채도 여전히 큰 폭으로 증가하고 있어 통화정책을 조정할 필요성이 날로 커지고 있다고 강조했습니다. 기준금리 인상이 한 번이 아닌 여러 차례 단행될 가능성도 시사했습니다.  [이주열/한국은행 총재 : ""(금리를) 한두 번 올린다고 해도 통화 정책은 여전히 완화적이다 라는 것을 이렇게 표현을 한 겁니다.""] 시장에서는 올해 하반기 기준금리가 한 차례 오른 뒤 내년 초 추가 인상이 뒤따를 것이란 전망이 나오고 있습니다. KBS 뉴스 임주영입니다. 영상편집:고응용/그래픽:김현석",/data/news/title_image/newsmp4/newsplaza/2021/06/25/80_5218108.jpg,https://news.kbs.co.kr/news/view.do?ncd=5218108
45,KBS NEWS,5218107,경제,2021-06-25 07:14:02,최저임금 첨예한 입장 차…“만 8백 원” vs “큰 충격”,"[앵커] 내년도 최저임금 심의 기한이 나흘 남은 가운데, 노동계가 어제 첫 요구안으로 시급 만 8백 원을 제시했습니다. 여기에 사용자 측은 코로나19로 사정이 어려워졌다며 난색을 표했는데 올해도 심의에 시간이 걸릴 것으로 보입니다. 김지숙 기자가 보도합니다. [리포트] 양대노총이 내년도 최저임금 요구안을 처음 내놨습니다.시급 만 8백 원, 월급으로 따지면 225만 7천 원 가량인데 올해보다 23.9% 높은 금액입니다. 코로나19로 심해진 양극화를 극복하기 위해 올려야 한단 주장입니다. [정문주/한국노총 정책본부장 : ""코로나19가 발생하고 나서 오히려 경제적 불평등이 더 심화됐다 할 수 있겠는데요. 저소득계층의 근로소득이 가장 많이 감소한 거로, 두 자릿수 이상 감소한 것으로 드러나고 있고...""] 최저임금위원회에서 함께 논의하고 있는 사용자 측은 큰 충격이라고 밝혔습니다. 소상공인들이 코로나19 직격탄을 맞은 상황에서 이처럼 큰 폭의 인상은 어렵다는 겁니다. [류기정/한국경영자총협회 전무 : ""경기가 회복되고 있다고는 하지만, 일부 업종의 이야기일 뿐이지 실제 최저임금을 부담해야 하는 이들에게는 하루하루가 한숨의 연속이라고 생각하고 있습니다.""] 사용자 위원들도 논의를 통해 요구안을 밝힐 방침인데, 지금과 비슷한 수준일 거로 전망됩니다.응답자 92%가 최저임금을 동결하거나 내려야 한다고 한 소상공인 단체 조사 결과도 있습니다.  내년도 최저임금은 나흘 뒤인 29일까지 심의를 마쳐야 하지만, 지금까지 정한 건 임금을 시급으로 정하되 월급도 같이 밝히잔 내용 뿐입니다. 어제 논의에서는 임금을 업종별로 따로 적용할지를 두고 노사 입장 차이가 좁혀지지 않았습니다. 사용자 측은 업종별로 따로 적용하자, 근로자 측은 일괄 적용하자고 주장하고 있습니다. 여기에 임금을 올릴지 말지에 대해서도 입장 차가 크다보니 올해도 법정 시한을 넘기게 될 거로 보입니다. KBS 뉴스 김지숙입니다. 촬영기자:김현태/영상편집:김선영/그래픽:김현갑",/data/news/title_image/newsmp4/newsplaza/2021/06/25/70_5218107.jpg,https://news.kbs.co.kr/news/view.do?ncd=5218107
46,KBS NEWS,5218084,경제,2021-06-25 06:38:35,정책자금으로 투기판…지식산업센터에 무슨 일?,"[앵커] 수천억 원의 나랏돈이 들어간 지식산업센터가 부동산 투기장으로 변질되고 있습니다. 중소기업 지원이라는 취지와 맞지 않게 웃돈을 노린 분양권까지 거래되고 있고 센터 입주가 필요한 실수요 기업들만 피해를 보고 있습니다. 고아름 기자가 취재했습니다. [리포트] 한 지식산업센터 분양 홍보관입니다. 은행 대출받기 힘든 요즘, 분양가의 80%까지 빌릴 수 있다며 투자를 부추깁니다. [지식산업센터 분양 직원/음성변조 : ""지금은 규제가 생겼잖아요.  살짝 피해 가는 게 좋거든요./ (지식산업센터는) 정부에서 1% 금리로  해서 (대출) 지원을 해주게 돼 있어요.  중소기업을 위한 육성자금이라고 해서….""] 이 직원의 말대로 중소기업을 운영해야  입주할 수 있는 지식산업센터. 하지만  사업을 하지 않아도 아무 문제 없다는 설명이 이어집니다. [지식산업센터 분양 직원/음성변조 : ""세무서 가서 IT 쪽 업체로 신청하려고 한다. 내년에 할 것이라고  하면 사업자를 내줍니다. (안 나오면 어떻게 돼요?)  100% 다 나와요. 저희 아내도 나왔고.""] 지식산업센터를 분양받으면 정책자금을 통해 대출 지원을 받고  재산세와 취득세 등  각종 세금도 감면됩니다. 기업 활동을 지원하자는 취지에서입니다. 하지만 부동산 카페 등에서는 투자 상품으로 추천되고 있고 분양만 받아 오면 입주기업을 소개시켜주겠다는  사무소까지 등장했습니다. [지식산업센터 수분양자  : ""700만 원을 투자해서 한 달에 70만 원  이상의 수익을 얻을 수 있다고 했어요.  입주의향서를 가지고 와서  임대가 다 맞춰져 있다(고 하면서).""] 게다가 전매 제한조차 없어, 분양권 거래마저  손쉽게 이뤄지고 있습니다. [공인중개사/음성변조 : ""임대를 찾으시는 거예요, 전매 물건을  찾으시는 거예요? 대표님이 오늘도 전매 하나 하시고 지금 세무서 가셔서.""] 사실상 투기판이 된 것입니다. 지식산업센터 승인 건수는 2017년 76건에서  지난해 140건으로  3년 만에 배 가까이 늘었습니다. 그 사이 분양가와 임대료만  계속 오르고 있습니다. 입주할 곳을 찾고 있는 기업들은 곤란할 수밖에 없습니다. [중소기업 대표 : ""문정동이 (지식산업센터) 700~800만 원대  분양가였는데 지금은 2000만 원까지  올라갔으니까. 예전에는  지식산업센터 물건 자체에 사람들이  관심이 없으니까 그 가격에도  안 팔렸거든요.""] 지식산업센터 분양 공고부터 설립 승인까지 자치단체가 책임지고 있지만 어느 나라 이야기냐는 식입니다.[경기 ○○시 담당 공무원/음성변조 : ""자격이 안 되는 사람이 (분양을)  받아가지고 한다는 말씀을 하시는 거예요? (분양사무소에서) 그렇게 얘기하고  다닌다는 건 기자한테  처음 들었거든요.""] 전국의 지식산업센터는  모두 천200여 곳. 최근 4년 동안 정부의 대출 지원만 5천억 원 넘게 이뤄졌습니다. KBS 뉴스 고아름입니다. 촬영기자:민창호 조은경/영상편집:양의정/그래픽:김현갑",/data/news/title_image/newsmp4/newsplaza_p1/2021/06/25/210_5218084.jpg,https://news.kbs.co.kr/news/view.do?ncd=5218084
47,KBS NEWS,5218083,경제,2021-06-25 06:35:17,"기재부 “계산 실수, 공공기관 경영평가 수정”","[앵커] 정부가  130여 개 공공기관에 대한 평가결과를 1주일 만에 다시 발표하게 됐습니다. 기초적인 점수 계산과정에서 실수가 발견된 건데요, 평가 신뢰성이  크게 떨어졌다는 지적이 나옵니다. 박예원 기자가 보도합니다. [리포트] 공공기관 운영위원회는 지난주, LH를 비롯한 131개 공공기관의 지난해 경영평가 결과를 발표했습니다. LH에 성과급을 주지 않기로 하고  4개 기관장의 해임 건의를 의결하면서,  이번 평가는 엄정하게 했다고 강조했습니다. [홍남기/경제부총리/18일 : ""엄격한 평가를 시행한 결과,  성과 차이가 부각된 것으로 보입니다.""] 발표 닷새 뒤, 기획재정부가  평가 결과를 고쳐야 하는 상황이 됐습니다. 평가 지표 배점을 적용하는 과정에서 기초적인 계산 오류가 있었다는 겁니다.[공공기관 관계자/음성변조 : ""이상한 점을 발견해서 다른 기관도  혹시 잘못됐는지 좀 확인을 해보니  여러 기관이 좀 잘못된 게 확인이 돼서  저희가 평가단 통해서 연락을  좀 드렸고요.] 실수는 준정부기관 평가에서 나왔습니다. 민간 평가단이  지표별로 적용하는 가중치를 잘못 계산한 것으로 보입니다. [박수정/행정개혁시민연합 사무총장  : ""경영평가 제도가 가지고 있는  그 무게에 비하면 이 결과가  되게 어처구니가 없습니다.""] 이렇게 되면 일부 기관의 평가 등급이 수정되고,  특히 기관장 해임 건의가 의결된 결정까지 바뀔 수 있습니다. 다만 LH는  준정부기관에 속하지 않아  등급 변화가 없을 것으로 보입니다. 1984년 공공기관 경영평가 도입 이후  등급을 번복하는 건 이번이 처음입니다. 기재부는 오늘 기자회견을 통해 바뀐 평가 결과를 설명합니다. KBS 뉴스 박예원입니다. 촬영기자:조현관/영상편집:남은주",/data/news/title_image/newsmp4/newsplaza_p1/2021/06/25/200_5218083.jpg,https://news.kbs.co.kr/news/view.do?ncd=5218083
48,KBS NEWS,5218074,경제,2021-06-25 06:19:53,"삼성 일감 몰아주기…‘2,349억 원’ 부당지원 최대 과징금","[앵커] 삼성그룹이  사실상 총수 일가의 회사인 급식업체에 일감을 몰아준 혐의로 2천3백억 원대의 과징금을 물게 됐습니다. 부당지원 사건으로는 역대 최대 과징금입니다. 삼성의 전 미래전략실이 조직적으로 개입해, 막대한 이익을 몰아줬다는 게 공정위 조사 결과입니다. 김유대 기자가 보도합니다. [리포트] 삼성그룹 한 계열사의 구내식당, 운영업체는 삼성웰스토리입니다. 이재용 삼성전자 부회장이 최대주주인 삼성물산이 지분 100%를 가진 회사입니다. 단체급식 시장 점유율 1위, 한 해 매출 1조 원이 넘습니다. 영업이익률도 압도적입니다. 다른 상위 11개 급식업체의 평균 영업이익률이 3%대인 반면, 웰스토리는 15%로 5배에 이릅니다. 삼성전자 등 4개 주요 계열사들이 일감을 몰아줬기 때문이라는 게 공정위 판단입니다. [육성권/공정거래위원회 기업집단국장 : ""사실상 이재용 일가의 회사인 웰스토리에게 거래 상대방 선정에 관한 합리적인 고려나 비교 없이 자신들의 사내급식 물량을 100% 몰아주고..""] 공정위는 2012년 당시 삼성그룹 미래전략실이 웰스토리 밀어주기에 깊숙이 개입한 것으로 파악했습니다. 당시 미래전략실 회의자료, 관계사 계약을 변경해 웰스토리의 이익 확보 방안을  강구하라고 지시합니다. 이를 통해 식재료비가 올라도 이윤을 보장하고 인건비의 15%를 추가 지급하는 등 웰스토리에 유리한 조건을 만들었다는 겁니다. [육성권/공정거래위원회 기업집단국장 : ""동종업계 어디에도 없고, 심지어 웰스토리가 거래하는 독립된 제3자와의 거래에서도 없는 파격적인 거래조건입니다.""] 공정위는 삼성전자 등 계열사 4곳과 웰스토리에 2천3백여억 원의 과징금을 부과하고, 최지성 전 미래전략실장과 삼성전자 법인을 검찰에 고발했습니다. 부당 지원 사건 과징금으론 역대 최고액입니다. 삼성전자가 받은 과징금 천12억 원도 국내 단일 기업으론 사상 최대입니다. 삼성전자 측은 임직원 복리후생을 위한 정상 거래가 부당 지원으로 호도된 거라며, 행정소송을 내겠다고 밝혔습니다. KBS 뉴스 김유대입니다. 촬영기자:김현태 송상엽/영상편집:박주연/그래픽:최민영",/data/news/title_image/newsmp4/newsplaza_p1/2021/06/25/110_5218074.jpg,https://news.kbs.co.kr/news/view.do?ncd=5218074
